{
    "TaskName": "maintask",
    "RepetitionTime": 1.5,
    "SliceTiming": [0.0, 0.6775, 1.355, 0.5275, 1.2059, 0.3775, 1.0559, 0.225, 0.9025, 0.075, 0.7525, 1.430, 0.6025, 1.28, 0.452, 1.13, 0.300, 0.9775, 0.1599, 0.82749, 0.0, 0.6775, 1.355, 0.5275, 1.2059, 0.3775, 1.0559, 0.225, 0.9025, 0.075, 0.7525, 1.429, 0.6025, 1.28, 0.45249, 1.13, 0.299, 0.9775, 0.1599, 0.82749, 0.0, 0.6775, 1.355, 0.5275, 1.2059, 0.3775, 1.0559, 0.225, 0.9025, 0.075, 0.7525, 1.429, 0.6025, 1.28, 0.45249, 1.13, 0.299, 0.9775, 0.1599, 0.82749, 0.0, 0.6775, 1.355, 0.5275, 1.2059, 0.3775, 1.0559, 0.225, 0.9025, 0.075, 0.7525, 1.429, 0.6025, 1.28, 0.45249, 1.13, 0.299, 0.9775, 0.1599, 0.82749]
}
